description,price
Фильтр масляный BOSCH OEM 0 451 103 316 1 шт,1 500 руб
Фильтр масляный BOSCH OEM 0 451 103 316 1 шт,1 500 руб
Фильтр масляный Bosch OEM 0 451 103 316 1шт.,1500.00
Фильтр масляный bosch OEM 0451103316 1 шт,1500р
Фильтр MANN-FILTER OEM HU 719/7 X 1 шт,"2 350,50 руб"
Фильтр масляный MAHLE OEM OC 90 2шт.,980р
Фильтр Sakura OEM C-1104 комплект 4,4 200 rub
Фильтр воздушный KNECHT OEM LX 2046 1 шт,1799.99
Свеча зажигания NGK OEM BKR6E-11 4 pcs,3 600 RUB
Ремень GATES OEM 6PK1053 комплект 1,2750
Фильтр салонный OEM 97133-D1000 1 шт,1 250 руб
Тормозная жидкость BOSCH DOT 4 1 л,890 руб
Подшипник SKF OEM 6204-2RS 2 шт,"1 120,00 руб"
Масло Mobil 1 ESP 5W-30 4 л,5 900 руб
Фильтр топливный FILTRON OEM PP 836/1 1 шт,
Щётка стеклоочистителя VALEO OEM 574324 1 шт,по запросу
,
"   ","   "
Датчик BOSCH OEM 0 261 230 289 1 шт,"1.500,50 руб"
Комплект прокладок ELRING OEM 123.456 1 комплект,2100 руб
Фильтр BOSCH OEM 1457429261 1 шт,1 650 руб
Фильтр BOSCH OEM 1457429261 1 шт,1 700 руб
